
create database Ecommerce;
use Ecommerce;
create table Supplier(SUPP_ID int,SUPP_NAME varchar(40),SUPP_CITY varchar(20),SUPP_PHONE bigint);
create table Customer(CUS__ID int,CUS_NAME varchar(25),CUS_PHONE bigint,CUS_CITY varchar(20),CUS_GENDER varchar(1));
create table Category (CUS__ID int,CUS_NAME varchar(20),CUS_PHONE bigint,CUS_CITY varchar(20),CUS_GENDER varchar(1));
create table Product(PRO_ID int ,PRO_NAME varchar(20),PRO_DESC varchar(20),CAT_ID int);
create table ProductDetails(PROD_ID int ,PRO_ID int,SUPP_ID int,PRICE decimal);
create table Productorder(ORD_ID int,ORD_AMOUNT decimal,ORD_DATE int,CUS_ID int,PROD_ID int);
create table Rating(RAT_ID int,CUS_ID int,SUPP_ID int,RAT_RATSTARS int);
insert into Supplier(SUPP_ID ,SUPP_NAME ,SUPP_CITY ,SUPP_PHONE ) values(1,'Rajesh Retails','Delhi',1234567890);
insert into Supplier(SUPP_ID ,SUPP_NAME ,SUPP_CITY ,SUPP_PHONE ) values(2,'Appario Ltd'	,'Mumbai',2589631470);
insert into Supplier(SUPP_ID ,SUPP_NAME ,SUPP_CITY ,SUPP_PHONE ) values( 3,'Knome products','Banglore',9785462315);
insert into Supplier(SUPP_ID ,SUPP_NAME ,SUPP_CITY ,SUPP_PHONE ) values(4,'Bansal Retails','Kochi',8975463285);
insert into Supplier(SUPP_ID ,SUPP_NAME ,SUPP_CITY ,SUPP_PHONE ) values(5,'Mittal Ltd',	'Lucknow',7898456532);
insert into Customer(CUS__ID,CUS_NAME,CUS_PHONE,CUS_CITY ,CUS_GENDER ) values (1,'AAKASH',9999999999,'DELHI','M');
insert into Customer(CUS__ID,CUS_NAME,CUS_PHONE,CUS_CITY ,CUS_GENDER ) values ( 2,'AMAN',9785463215,'NOIDA','M');
insert into Customer(CUS__ID,CUS_NAME,CUS_PHONE,CUS_CITY ,CUS_GENDER ) values ( 3,'NEHA',9999999999,'MUMBAI','F');
insert into Customer(CUS__ID,CUS_NAME,CUS_PHONE,CUS_CITY ,CUS_GENDER ) values (4,'MEGHA',9994562399,'KOLKATA','F');
insert into Customer(CUS__ID,CUS_NAME,CUS_PHONE,CUS_CITY ,CUS_GENDER ) values ( 5,'PULKIT',7895999999,'LUCKNOW','M'); 
delete from Customer where id = 1;
delete from Customer where CUS_NAME = "AAKASH";
insert into category(CAT_ID,CAT_NAME) values(1,'BOOKS');
 insert into category(CAT_ID,CAT_NAME) values(2,'GAMES');    
 insert into category(CAT_ID,CAT_NAME) values(3,'GROCERIES');
 insert into category(CAT_ID,CAT_NAME) values(1,'ELECTRONICS');
 insert into category(CAT_ID,CAT_NAME) values(1,'CLOTHES');
 insert into Product(PRO_ID,PRO_NAME,PRO_DESC,CAT_ID) values(1,'GTA V','DFJDJFDJFDJFDJFJF',2);
  insert into Product(PRO_ID,PRO_NAME,PRO_DESC,CAT_ID) values(2,'TSHIRT','DFDFJDFJDKFD',5);
 insert into Product(PRO_ID,PRO_NAME,PRO_DESC,CAT_ID) values(3,	'ROG LAPTOP','DFNTTNTNTERND',4);
 insert into Product(PRO_ID,PRO_NAME,PRO_DESC,CAT_ID) values(4,	'OATS',	'REURENTBTOTH',3);
 insert into Product(PRO_ID,PRO_NAME,PRO_DESC,CAT_ID) values(5,	'HARRY POTTER','NBEMCTHTJTH',1);
 insert into ProductDetails(PROD_ID,PRO_ID,SUPP_ID,PRICE) values(1,1,2,1500);
 insert into ProductDetails(PROD_ID,PRO_ID,SUPP_ID,PRICE) values(2,3,5,30000);
 insert into ProductDetails(PROD_ID,PRO_ID,SUPP_ID,PRICE) values(3,	5,1,30000);
 insert into ProductDetails(PROD_ID,PRO_ID,SUPP_ID,PRICE) values(4,	2,3,2500);
 insert into ProductDetails(PROD_ID,PRO_ID,SUPP_ID,PRICE) values(5,4,1,1000);
 insert into ProductOrder(ORD_ID,ORD_AMOUNT,ORD_DATE,CUS_ID,PROD_ID) values(20,	1500,2021-10-12,3,5);
 insert into ProductOrder(ORD_ID,ORD_AMOUNT,ORD_DATE,CUS_ID,PROD_ID) values(25,30500,2021-09-16,5,2);
 insert into ProductOrder(ORD_ID,ORD_AMOUNT,ORD_DATE,CUS_ID,PROD_ID) values(26,	2000,2021-10-05,1,1);
 insert into ProductOrder(ORD_ID,ORD_AMOUNT,ORD_DATE,CUS_ID,PROD_ID) values(30,	3500,	2021-08-16,4,3);
 insert into ProductOrder(ORD_ID,ORD_AMOUNT,ORD_DATE,CUS_ID,PROD_ID) values(50,	2000,2021-10-06,2,1);
insert into Rating(RAT_ID,CUS_ID,SUPP_ID,RAT_RATSTARS) values(1,2,2,4);
insert into Rating(RAT_ID,CUS_ID,SUPP_ID,RAT_RATSTARS) values(2,3,4,3);
insert into Rating(RAT_ID,CUS_ID,SUPP_ID,RAT_RATSTARS) values(3,5,1,5);
insert into Rating(RAT_ID,CUS_ID,SUPP_ID,RAT_RATSTARS) values(4,1,3,2);
insert into Rating(RAT_ID,CUS_ID,SUPP_ID,RAT_RATSTARS) values(5,4,5,4);